Workbook

Sheet MarkingScheme
A1: WSUK Web Development - Stage 2 - Marking Scheme
A2: Total: 100 marks. All criteria are Measurement (M).
A4: Task | B4: ID | C4: Criterion | D4: Max
A5: Task 01 - Fare Class (L1) | D5: 8
B6: M1 | C6: .fare card has a visible hover effect | D6: 2
B7: M2 | C7: .fare-cta button has a visible hover effect | D7: 2
B8: M3 | C8: Clicking a 'Choose' button adds the selected class to that card | D8: 1.5
B9: M4 | C9: Only one card is selected at a time (previous selection cleared) | D9: 1
B10: M5 | C10: .fare.selected is visually distinct from unselected cards | D10: 1.5
A11: Task 01 subtotal | D11: =SUM(D6:D10) -> 8
A12: Task 02 - SQL: Revenue by Country (L3) | D12: 15
B13: M6 | C13: Returns two columns mapping to pass_country and total_revenue | D13: 2
B14: M7 | C14: Filters by booking_status = 'completed' | D14: 3
B15: M8 | C15: Filters bookings to year 2024 only | D15: 3
B16: M9 | C16: Excludes countries with total revenue <= 1000 (HAVING) | D16: 3
B17: M10 | C17: Sorted by total_revenue DESC then pass_country ASC | D17: 2
B18: M11 | C18: total_revenue rounded to 2 decimal places | D18: 2
A19: Task 02 subtotal | D19: =SUM(D13:D18) -> 15
A20: Task 03 - Destination Search (L2) | D20: 10
B21: M12 | C21: List filters live on every input event | D21: 2
B22: M13 | C22: Matching is case-insensitive | D22: 2
B23: M14 | C23: Matching is substring-based (not just prefix) | D23: 1
B24: M15 | C24: Visible items use highlight(name, query) to render the match | D24: 2
B25: M16 | C25: Non-matching items are hidden (e.g. el.hidden = true) | D25: 1
B26: M17 | C26: #noResults shown when no items match, hidden otherwise | D26: 1
B27: M18 | C27: Empty input shows all items with no highlight | D27: 1
A28: Task 03 subtotal | D28: =SUM(D21:D27) -> 10
A29: Task 04 - Flight Load Bars (L1) | D29: 8
B30: M19 | C30: Each bar shows a visible track and fill | D30: 1
B31: M20 | C31: Each fill animates from 0 to its target percentage on load | D31: 2
B32: M21 | C32: The animation does not loop / repeat | D32: 2
B33: M22 | C33: Each percentage label is visible on the bar | D33: 1
B34: M23 | C34: Fill colour or gradient is distinct from the track | D34: 2
A35: Task 04 subtotal | D35: =SUM(D30:D34) -> 8
A36: Task 05 - Flight Review (L1) | D36: 8
B37: M24 | C37: Character count is correct (includes spaces and newlines) | D37: 3
B38: M25 | C38: Word count is correct (whitespace-separated) | D38: 3
B39: M26 | C39: Counts update live on every keystroke | D39: 1
B40: M27 | C40: Empty textarea shows 0 / 0 | D40: 1
A41: Task 05 subtotal | D41: =SUM(D37:D40) -> 8
A42: Task 06 - Flight Rating (L2) | D42: 10
B43: M28 | C43: Hover highlights the hovered star and all stars before it | D43: 2
B44: M29 | C44: Mouse leaving the stars container reverts display to current rating | D44: 2
B45: M30 | C45: Click sets the persistent rating (stars remain highlighted up to value) | D45: 2
B46: M31 | C46: Label shows current rating in the form N / 5 | D46: 1
B47: M32 | C47: Initial state on load is 0 / 5 with no highlighted stars | D47: 1
B48: M33 | C48: Re-clicking a different star updates the rating correctly | D48: 1
B49: M34 | C49: Hovering does not change the persistent rating (only the display) | D49: 1
A50: Task 06 subtotal | D50: =SUM(D43:D49) -> 10
A51: Task 07 - Helper Functions (L2) | D51: 10
B52: M35 | C52: capitalize correct (2 tests) | D52: 2
B53: M36 | C53: clamp correct (2 tests) | D53: 2
B54: M37 | C54: unique correct (2 tests) | D54: 2
B55: M38 | C55: digitSum correct (2 tests) | D55: 2
B56: M39 | C56: chunk correct (2 tests) | D56: 2
A57: Task 07 subtotal | D57: =SUM(D52:D56) -> 10
A58: Task 08 - Flight Seat Selection (L3) | D58: 15
B59: M40 | C59: Clicking an available seat toggles the selected class on it | D59: 2
B60: M41 | C60: Sold seats cannot become selected (clicks ignored) | D60: 2
B61: M42 | C61: Initial state shows 0, £0, — | D61: 1
B62: M43 | C62: #selectedCount reflects current selection count | D62: 2
B63: M44 | C63: #totalPrice is the correct sum of data-price, formatted £N | D63: 3
B64: M45 | C64: #mostExpensive is £N for max data-price among selected, — when none | D64: 2
B65: M46 | C65: All three stats update reactively on every click | D65: 2
B66: M47 | C66: Re-clicking a selected seat deselects it and stats update accordingly | D66: 1
A67: Task 08 subtotal | D67: =SUM(D59:D66) -> 15
A68: Task 09 - SQL: Filter & Sort (L1) | D68: 8
B69: M48 | C69: Returns three columns mapping to fare_id, fare_name, fare_base_price | D69: 2
B70: M49 | C70: Filter fare_category = 'Seats' is applied | D70: 2
B71: M50 | C71: Filter fare_base_price < 500 is applied | D71: 2
B72: M51 | C72: Sorted by fare_base_price ascending | D72: 1
B73: M52 | C73: Result rows match expected exactly (no extras, no missing) | D73: 1
A74: Task 09 subtotal | D74: =SUM(D69:D73) -> 8
A75: Task 10 - Loading Animation (L1) | D75: 8
B76: M53 | C76: All three clouds drift horizontally across the sky | D76: 2
B77: M54 | C77: Cloud animations are staggered (not moving in unison) | D77: 1
B78: M55 | C78: Plane has an ongoing flight animation (bob, tilt, or both) | D78: 2
B79: M56 | C79: Loading text has an animation (pulse, fade, etc.) | D79: 2
B80: M57 | C80: All animations run continuously and loop without stopping | D80: 1
A81: Task 10 subtotal | D81: =SUM(D76:D80) -> 8
A82: GRAND TOTAL | D82: =D11+D19+D28+D35+D41+D50+D57+D67+D74+D81 -> 100

Sheet Day1
A1: WSUK Stage 2
A3: Task | B3: ID | C3: Criterion | D3: Max | E3: Competitor | F3: Notes
A4: Task 01 - Fare Class (L1) | D4: 8
B5: M1 | C5: .fare card has a visible hover effect | D5: 2
B6: M2 | C6: .fare-cta button has a visible hover effect | D6: 2
B7: M3 | C7: Clicking a 'Choose' button adds the selected class to that card | D7: 1.5
B8: M4 | C8: Only one card is selected at a time (previous selection cleared) | D8: 1
B9: M5 | C9: .fare.selected is visually distinct from unselected cards | D9: 1.5
A10: Task 01 total | D10: 8 | E10: =SUM(E5:E9) -> 0
A11: Task 02 - SQL: Revenue by Country (L3) | D11: 15
B12: M6 | C12: Returns two columns mapping to pass_country and total_revenue | D12: 2
B13: M7 | C13: Filters by booking_status = 'completed' | D13: 3
B14: M8 | C14: Filters bookings to year 2024 only | D14: 3
B15: M9 | C15: Excludes countries with total revenue <= 1000 (HAVING) | D15: 3
B16: M10 | C16: Sorted by total_revenue DESC then pass_country ASC | D16: 2
B17: M11 | C17: total_revenue rounded to 2 decimal places | D17: 2
A18: Task 02 total | D18: 15 | E18: =SUM(E12:E17) -> 0
A19: Task 03 - Destination Search (L2) | D19: 10
B20: M12 | C20: List filters live on every input event | D20: 2
B21: M13 | C21: Matching is case-insensitive | D21: 2
B22: M14 | C22: Matching is substring-based (not just prefix) | D22: 1
B23: M15 | C23: Visible items use highlight(name, query) to render the match | D23: 2
B24: M16 | C24: Non-matching items are hidden (e.g. el.hidden = true) | D24: 1
B25: M17 | C25: #noResults shown when no items match, hidden otherwise | D25: 1
B26: M18 | C26: Empty input shows all items with no highlight | D26: 1
A27: Task 03 total | D27: 10 | E27: =SUM(E20:E26) -> 0
A28: Task 04 - Flight Load Bars (L1) | D28: 8
B29: M19 | C29: Each bar shows a visible track and fill | D29: 1
B30: M20 | C30: Each fill animates from 0 to its target percentage on load | D30: 2
B31: M21 | C31: The animation does not loop / repeat | D31: 2
B32: M22 | C32: Each percentage label is visible on the bar | D32: 1
B33: M23 | C33: Fill colour or gradient is distinct from the track | D33: 2
A34: Task 04 total | D34: 8 | E34: =SUM(E29:E33) -> 0
A35: Task 05 - Flight Review (L1) | D35: 8
B36: M24 | C36: Character count is correct (includes spaces and newlines) | D36: 3
B37: M25 | C37: Word count is correct (whitespace-separated) | D37: 3
B38: M26 | C38: Counts update live on every keystroke | D38: 1
B39: M27 | C39: Empty textarea shows 0 / 0 | D39: 1
A40: Task 05 total | D40: 8 | E40: =SUM(E36:E39) -> 0
A41: Task 06 - Flight Rating (L2) | D41: 10
B42: M28 | C42: Hover highlights the hovered star and all stars before it | D42: 2
B43: M29 | C43: Mouse leaving the stars container reverts display to current rating | D43: 2
B44: M30 | C44: Click sets the persistent rating (stars remain highlighted up to value) | D44: 2
B45: M31 | C45: Label shows current rating in the form N / 5 | D45: 1
B46: M32 | C46: Initial state on load is 0 / 5 with no highlighted stars | D46: 1
B47: M33 | C47: Re-clicking a different star updates the rating correctly | D47: 1
B48: M34 | C48: Hovering does not change the persistent rating (only the display) | D48: 1
A49: Task 06 total | D49: 10 | E49: =SUM(E42:E48) -> 0
A50: Task 07 - Helper Functions (L2) | D50: 10
B51: M35 | C51: capitalize correct (2 tests) | D51: 2
B52: M36 | C52: clamp correct (2 tests) | D52: 2
B53: M37 | C53: unique correct (2 tests) | D53: 2
B54: M38 | C54: digitSum correct (2 tests) | D54: 2
B55: M39 | C55: chunk correct (2 tests) | D55: 2
A56: Task 07 total | D56: 10 | E56: =SUM(E51:E55) -> 0
A57: Task 08 - Flight Seat Selection (L3) | D57: 15
B58: M40 | C58: Clicking an available seat toggles the selected class on it | D58: 2
B59: M41 | C59: Sold seats cannot become selected (clicks ignored) | D59: 2
B60: M42 | C60: Initial state shows 0, £0, — | D60: 1
B61: M43 | C61: #selectedCount reflects current selection count | D61: 2
B62: M44 | C62: #totalPrice is the correct sum of data-price, formatted £N | D62: 3
B63: M45 | C63: #mostExpensive is £N for max data-price among selected, — when none | D63: 2
B64: M46 | C64: All three stats update reactively on every click | D64: 2
B65: M47 | C65: Re-clicking a selected seat deselects it and stats update accordingly | D65: 1
A66: Task 08 total | D66: 15 | E66: =SUM(E58:E65) -> 0
A67: Task 09 - SQL: Filter & Sort (L1) | D67: 8
B68: M48 | C68: Returns three columns mapping to fare_id, fare_name, fare_base_price | D68: 2
B69: M49 | C69: Filter fare_category = 'Seats' is applied | D69: 2
B70: M50 | C70: Filter fare_base_price < 500 is applied | D70: 2
B71: M51 | C71: Sorted by fare_base_price ascending | D71: 1
B72: M52 | C72: Result rows match expected exactly (no extras, no missing) | D72: 1
A73: Task 09 total | D73: 8 | E73: =SUM(E68:E72) -> 0
A74: Task 10 - Loading Animation (L1) | D74: 8
B75: M53 | C75: All three clouds drift horizontally across the sky | D75: 2
B76: M54 | C76: Cloud animations are staggered (not moving in unison) | D76: 1
B77: M55 | C77: Plane has an ongoing flight animation (bob, tilt, or both) | D77: 2
B78: M56 | C78: Loading text has an animation (pulse, fade, etc.) | D78: 2
B79: M57 | C79: All animations run continuously and loop without stopping | D79: 1
A80: Task 10 total | D80: 8 | E80: =SUM(E75:E79) -> 0
A82: FINAL SCORE | D82: 100 | E82: =E10+E18+E27+E34+E40+E49+E56+E66+E73+E80 -> 0
A83: FINAL % | D83: 100% | E83: =E82/100 -> 0

Sheet Final
A1: WSUK Stage 2 - Final Summary (4 days x 10 competitors)
A3: Day | B3: Code | C3: Name | D3: T01 | E3: T02 | F3: T03 | G3: T04 | H3: T05 | I3: T06 | J3: T07 | K3: T08 | L3: T09 | M3: T10 | N3: Total | O3: % | P3: Rank
C4: Max marks | D4: 8 | E4: 15 | F4: 10 | G4: 8 | H4: 8 | I4: 10 | J4: 10 | K4: 15 | L4: 8 | M4: 8 | N4: 100
A5: Day 1 | B5: COMP | D5: ='Day1'!E10 -> 0 | E5: ='Day1'!E18 -> 0 | F5: ='Day1'!E27 -> 0 | G5: ='Day1'!E34 -> 0 | H5: ='Day1'!E40 -> 0 | I5: ='Day1'!E49 -> 0 | J5: ='Day1'!E56 -> 0 | K5: ='Day1'!E66 -> 0 | L5: ='Day1'!E73 -> 0 | M5: ='Day1'!E80 -> 0 | N5: =SUM(D5:M5) -> 0 | O5: =N5/100 -> 0 | P5: =RANK(N5,$N$5:$N$5) -> 1
